1,bank
2,financial
3,market
4,data
5,customers
6,service
7,risk
8,institutions
9,digital
10,information
11,platforms
12,insurance
13,products
14,trade
15,world
16,capital
17,payments
18,investors
19,transactions
20,fund
21,business
22,investment
23,regulatory
24,insurers
25,technology
26,solutions
27,providers
28,management
29,implications
30,regulators
31,global
32,asset
33,transfer
34,users
35,network
36,incumbents
37,credit
38,alternative
39,individual
40,intermediaries
41,ecosystem
42,loan
43,economic
44,opportunities
45,party
46,transaction
47,automate
48,order
49,infrastructure
50,equity
51,innovation
52,development
53,contract
54,crowdfunding
55,growth
56,entities
57,control
58,individuals
59,lenders
60,forum
61,role
62,distribution
63,retail
64,compliance
65,partnerships
66,exchange
67,scenario
68,leverage
69,settlement
70,innovations
71,ledger
72,security
73,strategy
74,liquidity
75,record
76,entrants
77,counterparty
78,implementation
79,borrowers
80,authentication
81,clients
82,bond
83,disruption
84,analyse
85,regulator
86,revenue
87,stakeholders
88,marketplace
89,blockchain
90,merchant
91,venture
92,currency
93,liability
94,operations
95,broker
96,margins
97,reuters
98,effective
99,profile
100,commercial
