1,establish,0.2908818
2,reinhard,0.7960524
3,bodies,0.28185028
4,neukirchen,0.39514235
5,state,2.4871225
6,assigned,0.7585597
7,rp,5.1235194
8,problem,2.6060517
9,secure,2.2642782
10,mover,0.34959695
11,decentralizing,0.28673902
12,proofing,0.3033719
13,permitted,0.27139556
14,although,0.27952617
15,executional,0.4463995
16,small,0.5315913
17,boysen,0.64914346
18,helene,0.7733281
19,automatic,0.27383783
20,username,0.71888
21,gratitude,0.70107657
22,unsuited,0.28168246
23,regulated,0.31917006
24,consensys,0.6957855
25,ceo,0.46832106
26,keyless,0.30757862
27,thanks,0.68454003
28,severity,0.2997316
29,static,0.2645548
30,dispute,0.30258256
31,improved,3.594076
32,immigrant,0.3412442
33,competitive,1.0420249
34,implement,0.4261302
35,hubid,0.32168016
36,nasdaq,0.3256721
37,senior,1.357712
38,contribution,0.3012923
39,expose,0.6549621
40,growing,0.28431663
41,touche,1.0906464
42,must,4.4341836
43,connected,0.38664088
44,enablers,0.30784938
45,implication,0.8087742
46,cross,1.263659
47,habit,0.40747947
48,when,0.40406778
49,directors,0.28221962
50,signing,0.5311696
51,phd,0.39837614
52,arne,0.95027316
53,consortiums,0.40111563
54,put,0.5316673
55,von,0.8623763
56,trust,1.1638733
57,one,3.6817868
58,recognition,0.82979906
59,completes,0.29136893
60,distrust,0.29748973
61,suited,1.9236122
62,mismatch,0.27217302
63,jackson,0.9704291
64,duffy,0.80223703
65,lower,0.28772476
66,manually,0.5799939
67,narvaez,0.86741793
68,portal,0.5588694
69,type,0.8724971
70,deny,0.54494476
71,centrally,0.27435243
72,extend,0.3676283
73,groups,0.2753377
74,participating,0.4077415
75,jonathan,1.0504123
76,gather,0.39929166
77,long,0.3425438
78,truth,0.6528353
79,test,0.33572125
80,operating,1.7609063
81,io,0.46827886
82,behind,0.47023895
83,studies,1.6397047
84,institute,0.3986683
85,peter,2.058781
86,ienco,0.99026513
87,spotlight,0.27054968
88,entity,20.931072
89,sweden,0.4467496
90,contact,0.9171189
91,greg,0.69830513
92,often,2.1758451
93,correcting,0.28290707
94,breaking,0.2650875
95,substantial,0.31044245
96,situational,0.38047132
97,quick,0.26390654
98,hayes,0.5217351
99,drove,0.28559023
100,discretionary,0.2619405
101,onboarding,1.7875966
102,serf,0.6220662
103,mission,0.30183497
104,champion,0.4160042
105,material,0.28495097
106,tissue,0.35097703
107,adopted,0.4605209
108,almost,0.528139
109,leaving,0.27029657
110,smaling,0.78970826
111,becoming,0.8432163
112,comprehensive,0.6773313
113,explicit,0.27269578
114,standardize,0.4167885
115,albers,0.72904325
116,fractionally,0.29077357
117,applications,0.55649525
118,citi,0.7510153
119,conversation,0.54807276
120,connectivity,0.40890002
121,success,0.31224537
122,maintained,0.5631284
123,drexler,0.42379963
124,hastings,0.9318354
125,involving,0.64886963
126,many,8.14945
127,expectation,0.4566339
128,charlotte,0.9557706
129,resident,0.5021734
130,turner,0.6553524
131,information,28.842005
132,licence,0.3638451
133,benefits,0.6453302
134,guideline,0.66601145
135,dutch,0.3056099
136,johnston,0.85598636
137,currently,1.8222136
138,decrease,0.39811653
139,office,0.76508933
140,conscious,0.2970558
141,resistant,0.32988325
142,whether,0.9214524
143,entitled,0.38893485
144,chartered,0.3410395
145,compliant,0.30442637
146,calling,0.28849205
147,acknowledgements,0.91700304
148,reach,0.70690405
149,standardizing,0.33009347
150,govern,0.27614352
151,compliance,2.3218963
152,forward,0.401521
153,balancing,0.308615
154,operates,0.597975
155,observe,0.29853505
156,next,0.72419906
157,coverage,0.70074147
158,sophisticated,0.28535762
159,aon,0.7463053
160,permission,0.8801425
161,cresnik,0.4346174
162,programme,1.631091
163,lay,0.2736489
164,emerge,0.39396253
165,inconvenient,0.29608718
166,forgotten,0.28804976
167,concern,0.97649044
168,gsma,1.2396239
169,repository,0.517193
170,privacy,4.009604
171,external,1.9382161
172,priority,0.37486613
173,represents,0.2884952
174,license,0.31275266
175,promise,0.41358322
176,ultimately,0.42203507
177,developing,0.7097581
178,bad,0.33876187
179,payments,0.72972494
180,fingerprint,1.0077072
181,team,1.5843801
182,future,1.854003
183,behalf,0.8544772
184,ab,0.39957553
185,closely,0.2772884
186,automating,0.32531032
187,interac,0.32301754
188,turkey,0.40977827
189,increase,2.6050308
190,nemid,0.89320695
191,payouts,0.3010934
192,telecommunication,0.30574065
193,critical,3.092733
194,greenhouse,0.31734744
195,barrier,0.5870192
196,human,1.818978
197,aneesh,0.65091324
198,error,1.8106344
199,governments,1.4129028
200,drive,0.83359456
201,society,1.6461958
202,pin,0.47388574
203,wallet,0.6370532
204,layer,0.83363575
205,ahuja,0.6728926
206,alka,0.86486775
207,implications,1.5075394
208,billion,0.30837834
209,insurance,1.4392854
210,pat,0.75556445
211,interact,0.8213032
212,photographing,0.46732402
213,extent,0.4524045
214,telephone,0.44220194
215,fei,0.77060765
216,understand,1.3355486
217,deposited,0.28693017
218,answering,0.32949093
219,involvement,0.5472159
220,infrastructure,0.65709513
221,ease,0.2821753
222,desirable,0.30521792
223,seek,0.2667404
224,client,0.47713953
225,aim,0.2911437
226,commerzbank,0.86909467
227,monitoring,0.449912
228,option,0.27476737
229,entering,0.2793265
230,refined,0.30450717
231,status,0.28055057
232,national,2.6320426
233,insight,0.63336045
234,ecosystem,0.2941564
235,labs,0.3732787
236,once,0.7367471
237,larger,0.38051185
238,still,0.61343795
239,nieuwoudt,0.845856
240,attesting,0.27897128
241,allianz,0.48469457
242,submit,0.82369643
243,leapfrog,0.3861334
244,increasingly,1.1194403
245,b,0.686166
246,take,0.5478247
247,leaders,0.3126187
248,exacerbates,0.29934636
249,all,0.54184645
250,age,1.5894867
251,session,0.39876902
252,letter,0.84660506
253,regulation,1.19722
254,roberge,0.71629673
255,sale,0.28307596
256,consistent,0.4961207
257,advice,0.46082205
258,theft,1.4371928
259,some,1.0207497
260,huffington,0.36666188
261,transformation,0.38676685
262,opportunity,1.2661619
263,effort,2.589452
264,rejected,0.30057126
265,reliant,0.2626528
266,payment,1.0460607
267,suite,0.45669106
268,eid,0.6202424
269,principles,0.3995626
270,ian,0.8661983
271,stan,0.7672096
272,focussed,0.58678275
273,rich,0.26756752
274,positive,0.32826358
275,crobson,0.35098928
276,explores,0.56032187
277,capital,1.2968372
278,forge,0.38886115
279,generous,0.4281297
280,hsbc,0.47696146
281,liability,2.3700843
282,agency,0.9712751
283,impact,1.0092673
284,cloud,0.3283631
285,disruptive,1.0586718
286,overexposed,0.42780906
287,database,0.98991317
288,attestation,1.7777529
289,fixed,0.9026426
290,skowronski,0.99750656
291,main,0.62323576
292,shipping,0.5724614
293,endpoint,0.8766539
294,oligopoly,0.35117704
295,saas,0.46504548
296,robert,0.97382534
297,schwarz,0.76254845
298,fundamentally,0.51996696
299,technique,0.43906292
300,helped,0.3081791
301,corporate,2.6100147
302,reinforces,0.2719777
303,consent,2.963234
304,white,1.3446454
305,europe,0.26116267
306,address,0.83294487
307,melek,0.7681895
308,boundary,0.75754666
309,hounsell,0.92546934
310,geopolitical,0.451179
311,policy,0.5878837
312,exchanged,0.26867828
313,susceptible,0.37715155
314,governance,1.9246037
315,clearly,0.53579104
316,automobile,0.35816455
317,opening,0.55479926
318,thomson,1.1053513
319,taverner,0.69940776
320,clarity,0.34845245
321,scanning,0.6176806
322,genuinely,0.35940042
323,safe,0.536119
324,basic,1.0436989
325,idin,0.4740622
326,adizah,0.8380681
327,blockchain,1.7285281
328,enhancement,0.32040375
329,quan,0.817305
330,salesforce,0.42975438
331,f,0.8523712
332,similar,0.4183054
333,december,0.40140334
334,background,0.81466395
335,channel,1.1859481
336,virtual,0.28688693
337,august,0.3889385
338,stack,0.7553568
339,anti,0.47209516
340,collaboration,0.7662172
341,transferring,0.7480645
342,tailoring,0.49817845
343,retail,0.9107197
344,partners,0.7554361
345,referred,0.31418648
346,stephan,0.82710606
347,generation,0.26803908
348,finance,0.48545033
349,trading,1.0015918
350,minimizing,0.31665123
351,format,0.2803401
352,cls,0.51640517
353,line,0.49129522
354,treasury,0.36201
355,derive,0.4423797
356,asking,0.33315536
357,know,2.8141541
358,ipsum,0.7718466
359,easily,1.7730577
360,online,3.0084538
361,credit,1.4303482
362,todd,0.69888866
363,missing,0.29873404
364,false,0.2933047
365,description,0.45383418
366,recent,0.2966149
367,major,0.49314097
368,account,1.4836241
369,michael,1.2664508
370,review,0.29825497
371,varma,0.6915253
372,maximize,0.31310645
373,depends,0.26449025
374,union,0.5788911
375,role,3.0029063
376,sap,0.4873342
377,inaccurate,0.7835285
378,day,1.0335652
379,internally,0.2811414
380,would,15.504975
381,potentially,0.28828678
382,center,0.2866277
383,standards,0.71322393
384,store,1.8605185
385,persistent,0.32028505
386,standard,7.002364
387,if,0.47572502
388,location,0.7511098
389,driving,0.5751434
390,volume,0.6313398
391,leakage,0.4484438
392,self,0.38452566
393,executed,0.6845226
394,origin,0.30514914
395,file,0.49153155
396,young,0.8278225
397,stephen,1.186489
398,suffers,0.28757715
399,executive,1.5473334
400,maximum,0.26843306
401,unique,1.4553393
402,advisory,0.54421026
403,adopt,0.42978948
404,public,4.180476
405,formal,0.72571284
406,note,0.71381503
407,in,4.0118613
408,compromising,0.28768054
409,please,0.8049144
410,going,0.28405505
411,fi,0.96677583
412,investors,0.3557928
413,kuipers,0.9308082
414,onboard,0.5488789
415,presenting,0.5654723
416,america,0.41673723
417,publication,1.1440328
418,sold,0.38497207
419,requirement,3.3662205
420,liable,0.50709367
421,incentive,0.4099884
422,conan,0.9591363
423,likely,0.29951963
424,credentials,0.30995876
425,etc,1.0749185
426,smart,0.5584159
427,systemic,0.28693962
428,british,0.40135434
429,verify,0.9511955
430,highlights,0.32348722
431,might,0.7186877
432,present,1.2226914
433,basis,0.8194118
434,citigroup,0.6099512
435,this,4.5330334
436,unsustainable,0.4437891
437,capture,0.39763895
438,wish,0.66887283
439,afforded,0.27367517
440,explored,1.014188
441,contained,0.35104096
442,eidas,0.40962213
443,make,0.8420732
444,blockverify,0.41310123
445,m,0.30210906
446,before,0.29504567
447,fund,0.28396785
448,calculating,0.3126884
449,stand,0.28229663
450,bny,0.71118605
451,scaling,0.38983703
452,source,1.472434
453,join,0.42794126
454,enhancing,0.6855784
455,demonstrated,0.29477602
456,deal,0.27525184
457,authenticated,0.7694238
458,avoiding,0.27426636
459,efficiency,1.8639392
460,is,0.8943872
461,shaping,0.42865264
462,illustrative,0.7570984
463,marissa,0.9278271
464,validation,0.6034069
465,characteristic,0.55004174
466,lok,0.6855541
467,key,3.5559533
468,manages,0.30279824
469,need,6.7393446
470,author,0.4976062
471,affiliated,0.2662939
472,duprel,0.75181586
473,gain,1.2056779
474,francis,0.6951375
475,licences,0.303014
476,consequence,0.68546116
477,position,0.9772302
478,link,0.8600776
479,systematic,0.28568202
480,two,1.0072523
481,malcolm,0.78669125
482,transacting,1.3053845
483,leveraging,0.40019912
484,inflexible,0.29941958
485,introduced,0.77117586
486,easy,0.3568597
487,directly,0.99619395
488,philipp,0.8723726
489,individuals,1.4606827
490,verifying,0.27051646
491,conveniently,0.28883845
492,notable,0.27633068
493,constructed,0.38992795
494,every,0.94093925
495,rainer,0.7405381
496,entirely,0.54147005
497,sincere,0.36824647
498,ping,0.3489533
499,discrete,0.54705256
500,markets,0.3795039
501,idps,7.0414534
502,february,1.3541218
503,sacmar,0.80660635
504,ivan,1.3022367
505,rbs,0.50008696
506,stalnaker,0.7373619
507,africa,0.473913
508,along,0.39875203
509,draw,0.5605202
510,phase,0.45779356
511,compelling,0.29046437
512,engaging,0.5215809
513,facial,0.511205
514,communicated,0.65341514
515,inaccuracy,0.478875
516,nature,1.2274442
517,adjudication,0.30403474
518,manifest,0.51585346
519,others,0.6072529
520,cabinet,0.4806353
521,crystallization,0.27108526
522,emily,0.61635137
523,guide,0.88915604
524,afsar,0.9840455
525,stride,0.40139684
526,eu,0.39806408
527,purpose,3.8979232
528,federation,0.282178
529,sabrina,0.5949535
530,fis,12.466815
531,leading,0.328154
532,rocky,0.7919086
533,illustrate,0.2726092
534,belong,0.3527906
535,changing,0.5845881
536,describe,0.38717362
537,composition,0.28148425
538,metadata,0.4891161
539,alphabetical,0.96649057
540,standardized,1.7548786
541,university,0.5435481
542,unemployment,0.29029474
543,workshops,0.31166178
544,area,0.41350898
545,usa,0.5754359
546,fraud,2.0229177
547,waveform,0.60415334
548,disparate,0.63269645
549,reputational,0.5635329
550,meredith,0.7353232
551,purchase,0.31527966
552,sustained,0.33609316
553,storage,2.4035618
554,these,2.9762125
555,szurek,0.706163
556,impossible,0.44843134
557,january,0.57625186
558,uport,0.295318
559,leader,0.46270007
560,streamline,1.5636034
561,relationship,2.301919
562,funded,0.30483714
563,outstanding,0.33487678
564,org,0.8094226
565,depending,0.31676415
566,construction,0.8168154
567,andre,1.878004
568,importance,0.5610555
569,limited,1.526274
570,victor,0.44521174
571,facing,0.51748675
572,gathered,0.2998474
573,patwardhan,0.4303612
574,flint,0.4343771
575,signicat,0.3539784
576,alixpartners,0.40069544
577,prudential,0.3274872
578,occur,0.95307606
579,design,0.4465142
580,indian,0.5853045
581,introduction,0.79924977
582,nor,0.46855345
583,ands,0.27455246
584,interconnection,0.6757987
585,electronic,0.48567915
586,remove,0.42489564
587,addressing,0.32027084
588,ach,0.29364958
589,person,1.5549988
590,scope,1.0017824
591,sean,0.91283965
592,invaluable,0.39643714
593,xl,0.45706835
594,equally,0.2781755
595,received,0.27354908
596,attempt,0.3019389
597,interactive,0.41887337
598,stakeholder,4.752704
599,institution,2.9887547
600,recommendation,0.39332387
601,post,0.4056627
602,beth,0.6134651
603,sure,0.39498135
604,allocation,0.29226834
605,company,1.1327204
606,numerous,0.3822404
607,dombrowski,0.73138404
608,cev,0.38654405
609,reliance,0.5882671
610,developed,1.0378122
611,prepared,0.31763265
612,inefficiency,0.71763176
613,view,3.5917113
614,jesse,0.99511147
615,participant,0.28793257
616,details,0.28268057
617,display,0.28343168
618,capitalize,0.32566327
619,engage,1.0341763
620,increasing,2.2465048
621,expand,0.5035177
622,since,0.5631401
623,enterprise,0.65809894
624,tendered,0.27247384
625,spectrum,0.43204656
626,attached,0.29796463
627,part,1.1212696
628,pay,1.009513
629,loans,0.3385972
630,valuable,0.82874125
631,change,0.59634715
632,wealth,0.34885526
633,christine,0.9587616
634,mobile,1.5534619
635,refreshed,0.3239739
636,seen,0.28697488
637,master,0.31451434
638,contains,0.35657877
639,djordjevic,0.6870237
640,morgenthaler,0.76236945
641,scoring,0.78018373
642,study,0.91903394
643,acknowledge,0.33865795
644,hacked,0.3028332
645,orgid,0.35043362
646,oracle,0.48858473
647,charles,0.7264953
648,o,0.441771
649,incoming,0.37427095
650,taylor,0.8006643
651,london,0.7026621
652,immutable,0.33313137
653,jaap,0.925097
654,profit,0.6183244
655,active,0.27838743
656,consider,0.27113673
657,mutuality,0.27196875
658,defined,1.3524296
659,visibility,1.8453593
660,interaction,0.3603734
661,revealed,0.28175607
662,based,5.4099593
663,provisioning,0.26391348
664,judicial,0.35209334
665,peric,0.47837645
666,digitally,0.38660616
667,barclays,1.6611925
668,alcohol,0.49201387
669,digitization,0.46973228
670,incremental,0.31484416
671,service,20.828007
672,assureuk,0.39261004
673,allowed,0.5448274
674,structural,0.8252818
675,diligence,0.30060726
676,property,0.45888174
677,read,0.57486784
678,owner,0.32117304
679,dramatically,0.41985133
680,resilient,0.6415441
681,flexibility,0.2727634
682,question,0.94036686
683,matarranz,0.4308883
684,demanding,0.27606106
685,origination,0.9515763
686,posch,0.8064052
687,serving,0.27392146
688,hold,2.9602144
689,program,0.68642265
690,australia,0.566668
691,ever,0.4257481
692,baer,1.0642828
693,outside,0.29062125
694,reshape,0.30272812
695,adequate,0.2711567
696,strategic,0.51064837
697,galaski,0.7179725
698,deutsche,0.8022895
699,entry,0.26992795
700,suffer,0.304986
701,victim,0.32359445
702,accurate,1.855674
703,capability,1.1511717
704,trader,0.36424008
705,disruption,0.6856745
706,prevent,0.836352
707,w,0.45009822
708,working,1.2233388
709,usually,0.26388782
710,feel,0.3912574
711,fact,0.46966642
712,throughout,0.49010196
713,advised,0.27628946
714,resettlement,0.527497
715,crowded,0.28278768
716,evaluate,0.8768546
717,suffered,0.2935598
718,define,0.50940186
719,requirements,0.27712363
720,cumbersome,0.5393096
721,parallel,0.30937892
722,valueless,0.2877858
723,fine,0.4300599
724,eliminating,0.81340796
725,subject,1.6195436
726,proof,1.642307
727,organizations,0.29950276
728,partnered,0.32561964
729,knowing,0.31954947
730,times,0.365756
731,majority,0.26685503
732,giancarlo,0.70743996
733,daon,0.60216975
734,different,4.682291
735,core,0.8046403
736,mastercard,1.9049096
737,money,0.9757784
738,destruction,0.3417003
739,giving,0.78457433
740,aligned,0.4297986
741,luxembourg,0.36902833
742,broader,0.40259436
743,government,8.926712
744,consuming,0.28813642
745,vatchkov,0.72152424
746,stability,0.4148969
747,davos,0.5226722
748,trulioo,0.48972532
749,asked,0.2906257
750,does,0.27995455
751,aggregation,1.4703023
752,locke,0.8104598
753,vigue,0.8176716
754,staff,0.70554084
755,unbanked,0.34349808
756,rule,0.46793827
757,lehmann,0.4272548
758,heartbeat,0.64454895
759,ludwin,0.782702
760,advisor,0.8499736
761,co,0.41790965
762,requested,0.5137266
763,vice,0.53246224
764,separate,0.5709386
765,thereby,0.28376946
766,and,1.0370047
767,protection,0.78632516
768,form,2.0117233
769,track,0.6010025
770,approval,0.27057564
771,john,1.9711179
772,work,0.6165164
773,iif,0.4897486
774,both,0.38584396
775,flowerday,0.9479018
776,exist,1.185147
777,verifies,0.40187025
778,several,0.28544518
779,elected,0.50141126
780,checking,0.28636646
781,pierre,0.6878195
782,original,0.27121028
783,creation,1.9898319
784,stage,0.29087654
785,summarizes,0.28281033
786,report,1.3769089
787,semenov,0.6743103
788,clarify,0.28484112
789,keith,0.6740994
790,kyc,0.46311766
791,daniel,0.56358093
792,sanctioned,0.5641898
793,than,0.50699645
794,discusses,0.26864147
795,professional,1.2685128
796,matthew,1.0696036
797,distinct,0.6182328
798,environment,0.589806
799,codified,0.29842556
800,partner,1.0970685
801,martin,0.73351187
802,reliable,1.7225217
803,davies,0.65327907
804,falsified,0.38742733
805,foundational,0.43611702
806,hashing,0.29568726
807,york,0.38293266
808,desktop,0.2863625
809,update,0.3881644
810,as,0.29586312
811,granted,0.3913545
812,layered,0.2910786
813,technology,4.921314
814,expect,0.49019787
815,laid,0.28429642
816,component,0.42657378
817,meaningful,0.27464256
818,underway,0.44238853
819,vikram,0.6644487
820,four,0.45644262
821,protected,0.72539055
822,function,1.3703219
823,simon,1.356567
824,record,2.4323504
825,rajesh,0.59824586
826,perspective,1.2863023
827,implemented,0.2941807
828,pseudo,0.38956687
829,difficulty,1.6754502
830,preventing,0.44810325
831,permit,0.2808205
832,berg,0.6712316
833,delivered,0.5031691
834,resolution,0.45414385
835,chief,3.5704696
836,retina,0.5360606
837,keys,0.32270855
838,illegitimate,0.28755793
839,large,2.9562266
840,begin,0.5480058
841,feature,0.643494
842,ideological,0.38064498
843,summary,0.28230935
844,england,0.4765128
845,ongoing,0.5475613
846,login,0.575301
847,loyalty,0.32779518
848,never,0.4089182
849,related,0.46904778
850,stauffer,0.75235283
851,breached,0.45092896
852,narrowing,0.26866597
853,difficult,0.42363372
854,target,0.4251091
855,denied,0.28678605
856,s,0.6817868
857,kevin,0.8505615
858,consult,0.6573981
859,clarient,0.77089995
860,protect,0.5219869
861,cary,0.646034
862,current,2.6798625
863,obtained,0.34815636
864,williamson,1.215019
865,ownership,2.6189353
866,stock,0.3497918
867,substitute,0.3287781
868,steele,0.8454721
869,operational,1.6398649
870,asset,8.304603
871,even,0.38317245
872,officer,2.2648933
873,acceptable,0.2844901
874,traditionally,0.26646137
875,korea,0.41640583
876,neil,0.45039994
877,reporting,0.31918064
878,its,0.49679765
879,tohmatsu,0.34111494
880,networks,0.26731852
881,not,0.28063506
882,mcdonald,0.6619749
883,complexity,0.41565734
884,pressing,0.3129573
885,residence,0.46003014
886,limit,0.5855129
887,mukul,0.5867828
888,convenient,0.6454402
889,concealing,0.30488807
890,bouchard,0.71130335
891,customers,0.48221388
892,old,0.28582835
893,taking,0.2998799
894,guided,0.2800166
895,it,1.0122954
896,confidential,0.2722797
897,wayne,0.8399827
898,unable,0.8370404
899,categorize,0.27401745
900,shall,0.33385712
901,occurs,0.2720938
902,regulators,1.5602887
903,experts,0.29479906
904,owns,0.6541311
905,consensus,0.4188827
906,drinking,0.2819372
907,counterpart,0.3080955
908,successful,1.1073973
909,place,1.272975
910,explore,0.73887396
911,blurring,0.37004355
912,french,0.96333337
913,figure,0.40811998
914,piece,0.5455999
915,studied,0.41358817
916,fishenden,0.89498764
917,become,1.1489065
918,christof,0.4181744
919,towards,0.33417815
920,obscure,0.30364168
921,give,1.0976211
922,strategy,2.3236637
923,derek,0.63537896
924,automation,0.40683174
925,permissioned,0.26451674
926,identify,0.9494733
927,however,1.6253684
928,management,2.9501922
929,always,0.479152
930,interview,1.2152543
931,tampering,0.32713038
932,fabien,0.4659643
933,sensitive,0.869671
934,hoerbe,0.8318293
935,fee,1.7938524
936,certify,0.31989676
937,accordingly,0.26919776
938,accommodate,0.2836322
939,limitation,0.4654065
940,pose,0.27103084
941,physical,4.202161
942,instrument,0.29646012
943,n,0.592689
944,social,2.5925767
945,height,0.28748754
946,switzerland,0.50392807
947,develop,0.52643037
948,flexible,0.7677573
949,specifically,0.2609702
950,provincial,0.2684008
951,border,0.40106592
952,million,1.0303375
953,paul,2.1800103
954,required,3.766053
955,roy,0.7240709
956,typically,0.43520367
957,americans,0.5621836
958,provides,1.5572912
959,functionality,1.0064338
960,preferences,0.3057957
961,watkins,0.63917464
962,lloyds,0.5174401
963,securekey,1.2593272
964,khalique,0.8280914
965,poor,1.232605
966,disregard,0.27027968
967,wide,0.81882715
968,creates,0.6331128
969,catapult,0.63185656
970,picture,0.26899442
971,metric,0.30616385
972,recipient,0.536106
973,guiding,1.1103079
974,jason,0.4041102
975,citizen,3.8412843
976,vulnerable,0.291932
977,marta,0.9900166
978,oct,0.36391
979,inception,0.39908358
980,damage,1.0362264
981,methods,0.3383029
982,accrue,2.114427
983,abolished,0.3381568
984,citizens,0.9343784
985,third,2.4023979
986,wasteful,0.45920748
987,evolve,0.7259371
988,tie,0.28127044
989,coordination,0.3327451
990,shield,0.27627978
991,decreased,1.473621
992,whole,0.5576985
993,creditworthiness,0.4059905
994,fs,0.5822343
995,reuters,1.5087497
996,registry,2.8244386
997,hierarchy,0.38838923
998,historical,0.41023067
999,world,13.954684
1000,connell,0.39525214
1001,standardization,0.6864279
1002,steering,0.7106101
1003,income,0.50383663
1004,regulator,1.5465896
1005,particular,0.41171923
1006,specified,0.2639902
1007,david,2.289904
1008,cbc,0.34157866
1009,automatically,0.41175878
1010,within,2.7067935
1011,subsidiary,0.31410334
1012,personal,1.7132201
1013,our,0.35147545
1014,section,0.3102732
1015,highly,0.7890555
1016,handling,0.7794998
1017,subscribe,0.276443
1018,low,0.67376816
1019,character,0.44078922
1020,controlled,0.30766502
1021,selection,0.44784373
1022,changes,0.34309173
1023,transact,1.8241419
1024,past,0.515539
1025,uber,0.67850935
1026,apply,0.28096163
1027,golden,0.2768538
1028,preston,0.6916851
1029,wall,0.32199818
1030,citizenship,0.32118604
1031,over,0.52672744
1032,accessing,0.568858
1033,responsible,0.6538432
1034,bolted,0.40588313
1035,telus,0.49085176
1036,officers,0.314778
1037,stretch,0.6921114
1038,relevance,0.26331407
1039,conor,0.62467575
1040,residency,0.80231804
1041,pain,0.2930453
1042,finding,0.34735045
1043,patrick,0.8022175
1044,holding,0.43457672
1045,mistake,0.33146778
1046,completed,0.881438
1047,sharing,0.26990822
1048,exception,0.43436143
1049,marshall,0.70258796
1050,affect,0.60467976
1051,innovation,2.7603176
1052,taxonomy,0.30298337
1053,among,0.42516592
1054,onboarded,0.3968692
1055,continuously,0.42711303
1056,after,0.2695166
1057,shifting,0.3828918
1058,identification,0.760318
1059,simply,0.40578163
1060,contract,0.32291657
1061,illicit,1.4344721
1062,members,0.45599735
1063,authenticating,0.7912764
1064,bill,1.4176427
1065,provided,0.9430257
1066,pathway,0.26979604
1067,thought,0.7002996
1068,attain,0.2711168
1069,much,0.4619228
1070,ensure,1.397317
1071,upload,0.26563615
1072,finnish,0.7189795
1073,extensive,0.5311343
1074,tanasyuk,0.6921449
1075,renewed,0.33071983
1076,marc,1.0287961
1077,zurich,0.4356416
1078,processed,0.44451278
1079,tech,0.45720845
1080,detailed,1.318431
1081,perform,0.9494199
1082,quickly,0.44945195
1083,decisioning,0.36716315
1084,criminal,0.347676
1085,entities,0.85560143
1086,people,1.5006202
1087,don,0.7632455
1088,pitfalls,0.2686381
1089,viability,0.40375176
1090,zhang,0.69640034
1091,total,1.7595325
1092,best,1.7609118
1093,counterparties,1.1638222
1094,set,5.407065
1095,supply,0.3085069
1096,director,2.920791
1097,governing,0.58926576
1098,river,0.4641048
1099,netherlands,0.6887584
1100,franziska,0.85577905
1101,aside,0.29487044
1102,member,1.113348
1103,five,0.6361468
1104,rutland,1.0054574
1105,incentivized,0.27502844
1106,code,0.33854508
1107,pine,0.43122268
1108,intensive,0.46673813
1109,inside,1.2964132
1110,monetizing,0.27878514
1111,actor,0.9683095
1112,lee,0.8269576
1113,brophy,0.63280666
1114,hyperion,0.44297758
1115,played,0.42929524
1116,manner,0.40017423
1117,efficiently,0.5441117
1118,www,0.5092559
1119,financial,14.184452
1120,uk,2.5590813
1121,rather,1.8165785
1122,determination,0.4080997
1123,circumstance,0.5448666
1124,from,0.4883962
1125,failed,0.40863404
1126,chairman,0.48050433
1127,collect,0.8113005
1128,misrepresent,0.2913523
1129,combined,0.3374604
1130,institutions,3.1989098
1131,demonstration,0.28164122
1132,six,0.300647
1133,brown,1.0212147
1134,rose,0.6497016
1135,ventures,0.53908527
1136,switching,0.27776542
1137,eliminates,0.270564
1138,chip,0.46223524
1139,kenneth,0.8557124
1140,jacoby,0.9348736
1141,consulting,0.7983885
1142,legacy,0.2890147
1143,maturing,0.27248818
1144,lei,0.8417654
1145,axel,0.43618473
1146,birth,0.77908534
1147,foreword,0.38478592
1148,aspect,0.29779473
1149,press,0.3363841
1150,spills,0.42060164
1151,number,3.313639
1152,situation,0.6783525
1153,rhomaios,0.8181828
1154,widely,0.5385464
1155,palatnick,0.96644884
1156,loss,1.8561103
1157,equity,0.3706231
1158,saving,0.43123287
1159,apartment,0.4098517
1160,subsequent,0.42137042
1161,catalyst,0.2829414
1162,adoption,0.9906267
1163,designed,2.7023458
1164,ensured,0.325517
1165,contingency,0.29292125
1166,broadly,0.7215571
1167,gov,0.45817468
1168,weak,0.5035333
1169,continuing,0.3488502
1170,interested,0.37357703
1171,shift,0.65184075
1172,integrating,0.28169677
1173,improving,0.68885815
1174,lambert,0.9063209
1175,positioned,0.7986003
1176,previously,0.80276126
1177,general,0.35552362
1178,inflection,0.29072788
1179,avoidance,0.6940367
1180,supported,0.2750002
1181,sassa,0.40455547
1182,direct,0.5875536
1183,approach,0.8989866
1184,foundation,1.0071161
1185,aadhaar,1.0299039
1186,robust,1.1446632
1187,garcia,0.9524971
1188,industries,0.90575635
1189,beyond,2.0424912
1190,consistently,0.3210217
1191,gathering,0.28228134
1192,closed,0.40007395
1193,lab,0.47685233
1194,traced,0.28726083
1195,proving,0.5742583
1196,fear,0.74743736
1197,india,0.84958225
1198,evolved,0.34140226
1199,tracking,1.0734174
1200,marathakis,0.62405276
1201,vella,1.1847701
1202,tom,1.4452575
1203,made,1.9353848
1204,someone,0.2943971
1205,receiving,0.27349028
1206,nizri,0.6974862
1207,cooperate,0.3334493
1208,amount,0.40249792
1209,mark,0.60544604
1210,civic,0.4027241
1211,scale,2.8508022
1212,nick,0.7678311
1213,call,0.42843732
1214,dorothy,0.7588153
1215,cards,0.28880998
1216,i,0.4311744
1217,telecom,0.53336483
1218,application,1.2273903
1219,borderless,0.28005937
1220,grindrod,0.3314453
1221,interconnecting,0.30013046
1222,efficient,1.205499
1223,ben,0.6449185
1224,tool,0.43511745
1225,lifespan,0.31170174
1226,charged,0.32667854
1227,acceptance,0.70422405
1228,byrne,0.7596567
1229,deloitte,8.116764
1230,assist,0.4459526
1231,greater,1.1684015
1232,problems,0.8033737
1233,multiple,2.019593
1234,range,0.94808805
1235,streamlining,0.8304283
1236,loa,0.67624134
1237,preexisting,0.2904826
1238,sheedy,0.34885338
1239,drivers,0.46826097
1240,mcwaters,1.0286955
1241,julius,1.1018087
1242,vote,0.28189448
1243,accidental,0.29613438
1244,austrian,0.39057827
1245,ambitious,0.34141573
1246,granularity,0.27946585
1247,april,0.7431413
1248,bearer,0.3323558
1249,hack,0.58353984
1250,walker,0.745943
1251,jo,0.9242868
1252,exchange,3.0054183
1253,cause,0.3165199
1254,class,0.3946824
1255,scalable,0.28306124
1256,rob,0.7444183
1257,robson,0.58812565
1258,top,0.63980705
1259,iris,0.3869306
1260,alim,0.8798606
1261,move,0.2660198
1262,project,4.728387
1263,commonly,0.35027343
1264,where,0.28018114
1265,estonian,0.77905345
1266,predictive,0.41493112
1267,enabled,0.44966668
1268,nov,0.41827056
1269,increased,1.251155
1270,mellon,0.7045698
1271,legitimate,0.585966
1272,choice,3.110478
1273,follow,0.5462712
1274,x,0.4617429
1275,hardinges,0.59726167
1276,party,6.655544
1277,thread,0.28395987
1278,distribution,0.45323843
1279,vidar,0.9666593
1280,putting,0.4180316
1281,grant,0.89788777
1282,faster,0.30834702
1283,regular,0.5053296
1284,security,3.2145908
1285,reducing,0.7910744
1286,attribute,20.916784
1287,system,41.805725
1288,claim,0.4051306
1289,complete,3.5595288
1290,inconsistent,0.31412536
1291,anonymity,0.28929788
1292,investment,0.91061854
1293,raj,0.9888419
1294,private,6.564829
1295,enables,0.91345465
1296,concerted,0.32571512
1297,overexposure,0.7147393
1298,local,1.1223406
1299,already,1.1326632
1300,fingerprints,0.29190853
1301,rgalaski,0.35098928
1302,half,0.5074519
1303,thibeau,0.696185
1304,misused,0.2685795
1305,technical,0.2836687
1306,threat,0.33753052
1307,solve,1.1573547
1308,scrapped,0.3433772
1309,matter,1.5777541
1310,applied,0.4149044
1311,dimensions,0.2784159
1312,canadian,0.4841614
1313,levels,0.4370758
1314,various,1.0923996
1315,access,10.479047
1316,transparent,0.6449288
1317,who,0.7650184
1318,sector,3.4296317
1319,revoke,0.2659964
1320,emotive,0.3041803
1321,innotribe,0.3940213
1322,act,3.7013643
1323,requiring,0.7003171
1324,addition,0.5467721
1325,finansiell,0.35931727
1326,storing,0.63009644
1327,confidence,0.27717203
1328,greatest,0.27476493
1329,harte,0.39292738
1330,mit,0.5286024
1331,broad,0.67204237
1332,reduce,1.6644679
1333,issuing,0.4325977
1334,organization,1.764764
1335,adapt,0.5773008
1336,for,2.24049
1337,advantages,0.267766
1338,llp,1.7812386
1339,complying,0.2865749
1340,mckenney,0.67214876
1341,delivery,3.3598764
1342,shah,0.50893134
1343,telstra,0.3999352
1344,infringement,0.30478746
1345,highest,0.4278575
1346,attache,0.2757702
1347,users,3.907168
1348,covered,0.39966974
1349,each,0.29508132
1350,emerging,0.27771533
1351,domiciled,0.27919245
1352,securely,0.6525262
1353,electoral,0.4510489
1354,deputy,0.44179597
1355,which,0.97608733
1356,sustainable,1.3660101
1357,software,0.3371609
1358,you,0.4160396
1359,implementation,3.363592
1360,political,0.68814945
1361,biometric,0.43870133
1362,country,0.8689272
1363,mining,0.27258676
1364,puth,0.4155471
1365,bounded,0.27824745
1366,automate,0.5541404
1367,centric,0.52571917
1368,durand,0.6171297
1369,event,1.2082549
1370,columbia,0.43115732
1371,prevents,0.57820064
1372,operate,0.62297267
1373,perceive,0.29967165
1374,avox,0.48816255
1375,decryption,0.32310987
1376,chuck,0.88743293
1377,why,0.28370768
1378,connects,0.28633672
1379,transport,0.2657436
1380,paid,0.4577463
1381,dispersed,0.34299618
1382,network,6.073037
1383,match,0.42095363
1384,incorporates,0.26540163
1385,ewing,0.57875556
1386,supervisory,0.42165878
1387,accretive,0.2817065
1388,aran,0.7090769
1389,creating,1.4012454
1390,cost,1.3053086
1391,andrew,1.4490232
1392,merrill,0.4507209
1393,accounting,0.49059543
1394,car,0.34468368
1395,organized,0.2700162
1396,utility,1.3017145
1397,house,0.46706995
1398,community,0.68244827
1399,group,6.3094425
1400,brokerage,0.6825615
1401,register,0.33413437
1402,demonstrate,0.45866832
1403,cycle,0.31074664
1404,claire,0.80137837
1405,framework,1.3445904
1406,canada,2.7240372
1407,standing,0.413131
1408,body,2.1127899
1409,stickiness,0.2723655
1410,federated,1.1143177
1411,consolidated,1.5164984
1412,le,0.29843274
1413,credential,1.4758569
1414,rejection,0.26892522
1415,considerable,0.4610742
1416,bear,0.27687126
1417,cvc,0.7024184
1418,operations,0.371143
1419,matt,0.80088085
1420,interoperability,1.1399804
1421,jurisdiction,1.6212733
1422,stringent,0.3175164
1423,limiting,0.4206491
1424,wiebe,0.69394314
1425,jean,0.7714049
1426,aggregate,0.2704899
1427,include,1.0052432
1428,remediation,1.0370306
1429,fight,0.28005648
1430,eligible,0.38678142
1431,an,0.80309075
1432,casualty,0.4727292
1433,created,0.5096394
1434,consultant,0.32964364
1435,swift,0.82204247
1436,systems,2.107326
1437,connection,0.2937002
1438,crombie,0.8275581
1439,rachel,0.6498485
1440,passed,0.5800248
1441,stevenson,0.84561014
1442,holdings,0.83595824
1443,transferred,2.4829936
1444,true,0.91475564
1445,joe,0.93569016
1446,behaviour,0.7546319
1447,auditing,0.27474147
1448,lack,1.7759027
1449,effectively,1.1290609
1450,de,1.0130658
1451,initiation,0.29226923
1452,economic,11.802701
1453,news,0.8174994
1454,participate,0.78424424
1455,requesting,0.38577345
1456,dozen,0.2769506
1457,parties,0.62376446
1458,common,1.5013065
1459,integrated,0.5377493
1460,user,38.46802
1461,using,1.3873198
1462,traffic,0.26931664
1463,keeping,0.2939199
1464,worthwhile,0.28193042
1465,validates,0.34248552
1466,coordinated,0.33146214
1467,legal,6.7653775
1468,site,0.34431076
1469,relatively,0.40048864
1470,applying,0.51657075
1471,structure,2.907739
1472,intermediary,0.8368587
1473,scaled,0.44307834
1474,attaching,0.27758518
1475,desired,0.3898396
1476,reliability,0.2756382
1477,denmark,0.8287123
1478,getting,0.2762832
1479,underserved,0.27181724
1480,level,2.7176604
1481,setting,0.31698087
1482,fca,0.44033095
1483,digid,0.7237422
1484,exhaustive,0.43025416
1485,reside,0.4711129
1486,shawn,0.6253563
1487,hub,1.0552621
1488,chance,0.91308486
1489,buy,0.27533218
1490,modification,0.2953114
1491,stakeholders,0.29860693
1492,gregory,0.7792064
1493,right,1.5519481
1494,porter,0.7589899
1495,dlt,0.91487736
1496,bitfury,0.41245052
1497,mechanism,1.2320299
1498,voice,0.40904215
1499,federal,0.3802301
1500,version,0.39536518
1501,communicating,0.27312776
1502,either,0.6625351
1503,more,0.8460211
1504,cheryl,0.63440007
1505,of,2.109159
1506,identifiers,0.28854346
1507,pascal,0.7808513
1508,response,0.70651275
1509,brings,0.27387965
1510,disclosed,0.27519065
1511,coleman,0.826441
1512,bid,0.43538114
1513,start,0.3050095
1514,analytics,0.3222484
1515,estonia,1.2671384
1516,page,0.41395876
1517,encryption,0.5181619
1518,primary,1.3518778
1519,opportunities,1.0574493
1520,needed,0.68817484
1521,managing,1.0443871
1522,cyber,0.42924857
1523,parameter,0.41724554
1524,globally,0.47981873
1525,choose,0.6419777
1526,specific,1.3273184
1527,bob,1.3310293
1528,wired,0.45889384
1529,attributes,1.7076945
1530,types,0.38149247
1531,jorge,0.9077582
1532,vouch,0.43071413
1533,near,0.28577587
1534,stated,0.35115522
1535,the,23.579945
1536,protecting,0.27637157
1537,agreement,0.2779373
1538,analysis,0.33762926
1539,computer,0.2909636
1540,misuse,0.283994
1541,inquiry,0.4014466
1542,nina,0.8794705
1543,oix,0.35007328
1544,document,3.1256962
1545,us,0.61964446
1546,experiencing,0.29034922
1547,help,1.9612867
1548,should,0.2670936
1549,rehypothecation,1.1011914
1550,approve,0.3193998
1551,express,1.0764896
1552,philippine,0.4732989
1553,practical,0.36076948
1554,u,1.015607
1555,edel,0.3986087
1556,transaction,23.766203
1557,left,0.3208126
1558,units,0.31965986
1559,history,1.2746238
1560,behavioural,0.49931324
1561,sabha,0.7495587
1562,spent,0.29061326
1563,tupas,1.8514575
1564,open,1.7837038
1565,informing,0.28513327
1566,anton,0.67312706
1567,permitting,0.28483745
1568,hussain,0.98805547
1569,operationally,0.27024326
1570,perc,0.61389667
1571,eric,1.219302
1572,expanding,0.28581354
1573,growth,1.1379657
1574,completion,0.81787854
1575,frequently,0.535814
1576,case,2.9341486
1577,gupta,0.793212
1578,used,2.6768649
1579,tailored,1.8391689
1580,incorrectly,0.31519252
1581,today,1.9133126
1582,bbc,0.3878168
1583,safeguard,0.28799504
1584,automated,0.5405026
1585,model,2.7412028
1586,adrienne,0.59204215
1587,kimerling,0.8142412
1588,health,0.67160374
1589,shape,0.4709768
1590,together,0.32021818
1591,distributed,3.353357
1592,implementing,0.6412228
1593,economy,1.3415896
1594,playing,0.27177876
1595,taskforce,0.3820428
1596,involved,1.9448208
1597,lien,0.43968713
1598,pinkham,1.0122627
1599,cultural,0.9438408
1600,exceptionally,0.28012243
1601,term,0.34658957
1602,connective,0.34441882
1603,result,1.4444157
1604,wanted,0.33561635
1605,lubin,0.845118
1606,suitable,0.38605124
1607,direction,0.33258587
1608,blueprint,0.9081177
1609,while,0.6714746
1610,grateful,0.40452293
1611,shared,0.9248785
1612,looking,0.2760777
1613,authority,0.4700595
1614,identifying,1.1680893
1615,viable,1.4600301
1616,done,0.34014025
1617,differ,0.42233256
1618,wemmer,0.42548642
1619,process,7.291041
1620,clear,0.64021015
1621,adhere,0.28064957
1622,intrusive,0.5253397
1623,exposed,1.014844
1624,dialogue,0.5249783
1625,sdao,0.4904348
1626,networked,0.26935053
1627,enabler,0.28232354
1628,high,2.3215148
1629,head,3.166808
1630,describes,0.2681497
1631,certainty,0.43365234
1632,november,0.34445345
1633,microsoft,0.41697755
1634,exclusion,0.41275963
1635,international,0.82698834
1636,rannenberg,0.6640739
1637,commercial,0.5221128
1638,ambiguous,0.29001755
1639,dependent,0.40958235
1640,hyder,0.89751685
1641,allowing,1.7516342
1642,faiza,0.5634233
1643,providers,0.749733
1644,includes,0.30179468
1645,allows,2.726978
1646,concierge,0.81356245
1647,stored,1.7163522
1648,siloed,0.28243563
1649,moving,0.5080696
1650,extended,0.28095147
1651,collection,2.9509077
1652,factor,1.314061
1653,election,0.29082546
1654,point,1.3254266
1655,traditional,1.3367292
1656,execute,0.2770356
1657,overall,0.30830827
1658,meaning,0.5737733
1659,list,0.70516366
1660,forbes,0.33038542
1661,dimension,2.1581364
1662,ministry,0.49416804
1663,scott,1.031497
1664,stream,0.524501
1665,otherwise,0.3917906
1666,leadership,0.49810025
1667,offered,0.54906535
1668,understanding,0.26955244
1669,jp,0.4305547
1670,knowledge,1.3513656
1671,breach,2.4736857
1672,recourse,0.3937882
1673,see,1.0326412
1674,ticket,0.3853234
1675,maturity,0.4161223
1676,across,2.6004214
1677,verification,0.2842588
1678,guastella,0.9074669
1679,non,1.9707816
1680,reveal,0.27055797
1681,a,4.508111
1682,improvement,0.28645748
1683,christian,0.6890009
1684,fundamental,0.28938428
1685,clayton,0.63033575
1686,amy,0.72725695
1687,detect,0.31315416
1688,consistency,0.3349836
1689,issuer,0.6106187
1690,designing,0.27541968
1691,resulting,1.0408494
1692,introducer,0.45936808
1693,oversight,0.72539014
1694,initiative,1.069632
1695,look,0.538534
1696,share,0.6250778
1697,kingdom,0.6274419
1698,clippinger,0.71580094
1699,competing,0.611986
1700,transformational,0.9030601
1701,subscription,0.5703663
1702,march,0.43832248
1703,svp,0.720369
1704,inform,0.46132228
1705,geographic,0.4434138
1706,parker,0.6581157
1707,may,5.18392
1708,linking,0.63390124
1709,ineffective,0.6793583
1710,interception,0.32832944
1711,cybersecurity,0.67972535
1712,treatment,0.2841107
1713,outreach,0.34138423
1714,mumm,0.45899642
1715,scheme,0.33535355
1716,determined,0.2886478
1717,immutability,0.27380392
1718,legislation,0.3840207
1719,digital,29.872046
1720,force,0.3183176
1721,levin,0.48483494
1722,streamlined,0.6287019
1723,deep,0.2624459
1724,adam,0.82645327
1725,strategies,0.34144902
1726,dan,1.4650486
1727,ashley,0.85589355
1728,another,0.2897709
1729,represent,0.393685
1730,chekk,0.8892469
1731,intrinsic,0.43521082
1732,authenticates,0.8391122
1733,inconveniently,0.30571154
1734,brewer,0.64409775
1735,ruttenberg,0.7591166
1736,largest,0.4457268
1737,bruno,0.76157874
1738,bureau,0.29875904
1739,usernames,0.56051385
1740,mutual,0.31312922
1741,better,2.0874646
1742,resilience,0.5633714
1743,strength,0.6136153
1744,date,2.2974353
1745,rail,0.6506805
1746,score,0.30593234
1747,minimum,0.98374355
1748,adapted,0.2768504
1749,speed,0.2931129
1750,appropriate,0.2965137
1751,south,0.9905247
1752,exists,0.38712206
1753,revenue,1.9441295
1754,pool,0.31878635
1755,attested,0.2648201
1756,interest,0.8940513
1757,delivering,0.46668565
1758,ubs,1.0720242
1759,authorization,1.6584711
1760,commitment,0.408682
1761,challenge,1.8332541
1762,goal,0.44960618
1763,jaffrey,0.8632799
1764,oldest,0.273458
1765,bankid,0.44417727
1766,support,2.2775545
1767,evp,0.44860554
1768,delivers,0.40305096
1769,require,3.733206
1770,profiles,0.3293293
1771,included,0.70782
1772,expert,1.6291424
1773,matching,0.28974587
1774,crime,0.47508112
1775,determine,1.9559543
1776,valuation,0.2935831
1777,idp,4.9111323
1778,collaborative,0.30539292
1779,refocus,0.278589
1780,tax,2.0113425
1781,functional,0.41602138
1782,endless,0.28901303
1783,alex,1.2731415
1784,trying,0.4206836
1785,academia,0.28853002
1786,order,1.3894013
1787,space,0.33208087
1788,identifier,1.6833805
1789,suit,0.9415336
1790,richards,0.6398986
1791,involves,0.39988855
1792,failure,0.45045748
1793,product,4.714706
1794,investing,0.2907854
1795,simplify,0.26435864
1796,kroemer,0.90649843
1797,able,3.0896506
1798,compromised,0.44246185
1799,identity,73.58623
1800,market,0.76645243
1801,initially,0.4070185
1802,tied,0.49272916
1803,falsification,0.2948089
1804,utilities,0.54889375
1805,hamilton,0.9699272
1806,jurisdictional,0.31879503
1807,capturing,0.28430608
1808,eliminate,0.8875728
1809,rps,7.279011
1810,connect,0.56612533
1811,reany,0.90042055
1812,get,0.5705639
1813,aggregating,0.40222543
1814,exact,0.2712056
1815,mean,0.66151744
1816,redundancy,0.28026968
1817,registration,0.41158733
1818,lorem,0.77358514
1819,due,2.5698438
1820,narrow,0.2805329
1821,altered,0.41667596
1822,stolen,1.3768506
1823,consideration,0.61107916
1824,accumulated,0.27900228
1825,tailor,0.9414912
1826,cover,0.4757562
1827,media,0.527236
1828,criticality,0.27402478
1829,applies,0.27026385
1830,launched,0.28760824
1831,introduces,0.63992965
1832,education,0.27834237
1833,landscape,1.8784078
1834,centralizing,0.32489905
1835,association,0.33060378
1836,involve,0.71742064
1837,medium,0.5652775
1838,unit,0.3647756
1839,kantara,0.85896677
1840,tombstone,0.2792795
1841,benefit,4.1349144
1842,gaining,0.31879145
1843,intended,1.3862927
1844,important,1.2698512
1845,authentication,7.2871866
1846,tedious,0.31854323
1847,voetek,0.5134138
1848,assistance,0.40632114
1849,possible,0.26951486
1850,birch,0.67072016
1851,crossroad,0.38045907
1852,face,0.2969561
1853,password,1.3074013
1854,element,0.51502717
1855,contributed,0.6322405
1856,settled,0.2953529
1857,trend,0.29309395
1858,crompton,0.7029738
1859,leverage,0.4999455
1860,nationality,0.2914079
1861,email,0.41533372
1862,lynch,0.43460795
1863,associated,0.4333618
1864,worldwide,0.3826985
1865,reflective,0.2982059
1866,flow,0.45861992
1867,release,0.5477204
1868,outwards,0.30438396
1869,device,0.8965208
1870,keep,0.26808003
1871,linked,0.46514943
1872,wallis,0.6486068
1873,authenticate,2.122597
1874,huag,0.9772963
1875,affiliation,0.45381573
1876,inclusion,0.82149726
1877,integrate,0.3979629
1878,zero,0.4341337
1879,continue,0.29599744
1880,rudd,0.6757237
1881,interface,0.2870171
1882,entire,0.47564757
1883,presented,0.5070218
1884,democratize,0.2751291
1885,inherent,0.7507691
1886,only,0.28144476
1887,strong,1.8801165
1888,full,1.1958756
1889,use,5.1719303
1890,outlined,0.34422165
1891,negative,0.3400911
1892,integration,0.40453288
1893,fall,0.69325006
1894,african,0.3049414
1895,agenda,0.35817653
1896,exploiting,0.35350138
1897,arnim,0.84854555
1898,integrates,0.29637277
1899,micro,0.32041413
1900,lloyd,0.37310886
1901,extremely,0.6195684
1902,mass,0.9903445
1903,modular,0.31885967
1904,frontier,0.39416245
1905,explicitly,0.26684725
1906,per,0.26805523
1907,provide,7.7166986
1908,relies,0.3356792
1909,around,2.756213
1910,christoph,0.7205236
1911,jon,0.772042
1912,mentor,0.32182544
1913,performance,0.29407609
1914,challenging,0.46248427
1915,deliver,2.0002463
1916,changed,0.45081824
1917,principle,1.0220302
1918,necessary,0.6755635
1919,environmental,0.4362229
1920,committee,0.78197
1921,chris,1.3293465
1922,illustrating,0.30200043
1923,great,0.38865975
1924,relevant,0.43405068
1925,offer,3.241633
1926,back,0.4053677
1927,council,0.31641036
1928,romanovskiy,0.72984827
1929,wrong,0.41241667
1930,filing,1.3013176
1931,zschach,0.52440065
1932,qualified,0.35484427
1933,protects,0.2713837
1934,interfere,0.4090835
1935,l,0.4315391
1936,prove,1.4535983
1937,ensures,0.28578553
1938,proprietary,0.59803855
1939,frequency,0.2945986
1940,legally,0.47910997
1941,kevelighan,0.90384376
1942,parking,0.41050455
1943,macro,0.6466619
1944,context,0.27465737
1945,ensuring,0.5785517
1946,united,0.5933408
1947,risk,7.036697
1948,development,3.344766
1949,kosta,0.47095162
1950,generally,0.6076862
1951,richness,0.30459335
1952,including,1.5607666
1953,partially,0.3007195
1954,veracity,0.57513803
1955,paying,0.38500035
1956,stp,0.32825124
1957,enter,0.29549462
1958,updating,0.35337752
1959,documentation,0.5333788
1960,iyer,0.98551
1961,emerged,0.28820062
1962,firm,0.64732766
1963,inefficient,0.74232554
1964,singapore,0.3428736
1965,positioning,1.0491889
1966,eddie,0.8890505
1967,single,5.3785543
1968,commercially,0.41612646
1969,fail,0.50735587
1970,scopelliti,0.7761352
1971,continuous,0.29865777
1972,potential,2.9516587
1973,requires,1.7099159
1974,reaching,0.29197052
1975,administration,0.34636688
1976,disperse,0.26873538
1977,weforum,0.76918066
1978,with,0.54486763
1979,comfortable,0.28256088
1980,c,0.7838104
1981,categorized,0.44987676
1982,rate,0.40701157
1983,configuration,1.4166014
1984,joseph,0.83032334
1985,starters,0.3126528
1986,confusing,0.26618212
1987,algorithm,0.3942849
1988,proven,0.29359114
1989,counterparty,1.4970442
1990,davis,0.6591894
1991,confirmation,0.2911755
1992,debit,0.4181356
1993,g,6.352883
1994,proceed,0.27076802
1995,card,2.9632673
1996,given,1.4343995
1997,like,0.5250306
1998,data,10.804851
1999,also,2.723333
2000,improve,2.1725194
2001,omni,0.37256414
2002,meeting,0.2673515
2003,size,0.4264032
2004,services,4.446519
2005,neistat,0.89379483
2006,independent,0.47524607
2007,regulatory,1.6581135
2008,providing,1.8266121
2009,fit,0.54150283
2010,tactical,0.29199633
2011,drawback,0.27916482
2012,birthdate,0.29653153
2013,guardian,0.3655608
2014,check,0.4689768
2015,linkages,0.2678624
2016,insufficient,0.41910464
2017,harji,0.63242346
2018,nationwide,0.31296346
2019,vandenreydt,0.4458061
2020,dietter,0.4574522
2021,characteristics,0.40906245
2022,mainly,0.30229348
2023,refers,0.32851034
2024,can,0.5244455
2025,wolf,0.84589064
2026,contri,0.53157043
2027,determing,0.2983656
2028,transfer,4.739508
2029,labour,0.31992325
2030,logins,0.8738887
2031,research,0.62658584
2032,socially,0.33302748
2033,platform,1.6264923
2034,traction,0.28198344
2035,jan,0.41979134
2036,breaches,0.35972905
2037,receive,0.41919613
2038,blinding,0.40900192
2039,advantage,0.7257551
2040,accessible,0.28165096
2041,huw,0.99264395
2042,rigorously,0.3214772
2043,method,2.0426533
2044,architect,0.3688781
2045,play,0.93842196
2046,goals,0.270949
2047,investments,1.1113939
2048,significant,1.2205969
2049,monthly,0.4993859
2050,accessed,0.5508434
2051,monetize,0.6153731
2052,rfis,0.32187164
2053,stringently,0.2667385
2054,outcomes,0.3450038
2055,rehypothecated,0.45613766
2056,ferguson,0.7639226
2057,caribou,0.38172206
2058,log,0.6877217
2059,renting,0.3720553
2060,processing,0.48028123
2061,name,0.5409999
2062,forum,11.797205
2063,tessem,0.82927954
2064,van,1.5234028
2065,new,5.7322807
2066,enrolled,0.31066144
2067,provider,3.9805138
2068,era,0.30480418
2069,affected,0.319314
2070,chase,0.47895035
2071,info,0.44425955
2072,diacc,0.50377667
2073,dixon,0.68659234
2074,collected,0.4469574
2075,carlo,0.78837115
2076,hammond,0.48637107
2077,pattern,0.3845378
2078,business,6.8953686
2079,wasted,0.2960329
2080,banking,1.6705959
2081,eligibility,0.4211371
2082,features,0.989587
2083,their,0.30680105
2084,query,1.071849
2085,relying,2.6936653
2086,holistic,0.27802175
2087,prime,0.37986273
2088,how,2.9543989
2089,phone,0.32048
2090,secondary,1.7801658
2091,facilitation,0.46377662
2092,control,3.8402433
2093,bottom,0.44427648
2094,partnership,0.6423499
2095,population,1.557591
2096,ability,2.9212425
2097,engages,0.26784992
2098,tejani,0.86081326
2099,compromise,0.4308842
2100,representative,0.50726974
2101,governmental,0.30611047
2102,fintech,1.1544124
2103,central,1.6641756
2104,driver,0.73971343
2105,schiltz,1.1070108
2106,solution,9.074312
2107,transactions,1.2924273
2108,create,2.3327382
2109,craig,0.45323116
2110,lundkvist,0.5901055
2111,passport,0.7636031
2112,lena,0.49093893
2113,convenience,0.9357636
2114,request,0.383289
2115,archetype,2.278476
2116,edge,0.9240255
2117,maintaining,0.2881371
2118,collecting,0.272679
2119,by,0.45147815
2120,trusted,5.3073964
2121,variety,0.91311646
2122,writer,0.27345058
2123,vp,0.4239766
2124,egovernment,0.26948354
2125,provision,1.5802956
2126,show,0.3098749
2127,costly,0.6272123
2128,entiq,0.47892663
2129,emilio,0.9612524
2130,proceeds,0.3516768
2131,established,1.6477423
2132,credits,0.4227359
2133,bureaucratic,0.5160051
2134,trustless,0.36239997
2135,surveillance,0.6743665
2136,uncertainty,0.6141128
2137,carmona,0.726257
2138,hodash,0.631501
2139,supplied,0.28197914
2140,lost,0.623543
2141,adel,0.7225447
2142,onto,0.42521602
2143,intelligence,0.32174796
2144,guidance,0.9246772
2145,rising,0.41486862
2146,detail,0.28228673
2147,built,1.703087
2148,healthcare,0.7594317
2149,friction,0.42562893
2150,anna,0.5509009
2151,uidai,0.7119156
2152,discus,0.92819774
2153,official,0.34853837
2154,assets,0.6984495
2155,build,1.1339117
2156,feedback,0.30010027
2157,joanna,0.5549137
2158,first,0.89004004
2159,customer,9.68519
2160,privately,0.3018003
2161,outsourced,0.3489451
2162,justin,1.6058136
2163,tokens,0.29910567
2164,held,1.8158808
2165,could,3.8053162
2166,contravention,0.41527694
2167,migrate,0.2627964
2168,way,0.67721707
2169,merchant,0.9722714
2170,expanded,0.31992933
2171,finland,1.1806768
2172,broker,0.65516114
2173,netflix,0.34200525
2174,nicolas,1.6018565
2175,implementable,0.27468657
2176,colin,1.1050689
2177,workshop,0.9169926
2178,td,0.39082178
2179,cfpb,0.55445915
2180,enforcement,0.3137688
2181,will,0.28955388
2182,complex,0.8410276
2183,seamless,0.6077709
2184,exhibit,0.30889285
2185,participation,0.27825332
2186,sophistication,0.46388367
2187,additional,2.1422389
2188,completing,1.0512278
2189,nymi,0.34407952
2190,howard,0.6832808
2191,insecure,0.28847748
2192,are,0.70430005
2193,bank,5.644136
2194,replicated,0.30644822
2195,serve,2.1755726
2196,following,1.6616666
2197,successfully,0.29137728
2198,resource,0.4445253
2199,fully,0.46182993
2200,tend,0.41180828
2201,issued,0.9092425
2202,employer,0.3243663
2203,santander,0.82310337
2204,captured,0.2712766
2205,generated,0.3113477
2206,manage,1.5283576
2207,id,2.4181123
2208,ltd,0.8937396
2209,outcome,0.47032276
2210,kleij,0.6112271
2211,called,0.5542946
2212,gates,0.47351363
2213,topic,0.93797266
2214,abandonment,0.766272
2215,select,0.26934758
2216,assigns,0.2943213
2217,registrar,0.34275
2218,assisting,0.38196558
2219,good,1.200611
2220,multi,1.0091084
2221,natasha,0.9796696
2222,incorporate,1.0281248
2223,alicia,0.7735167
2224,instead,0.46345428
2225,determining,0.5337017
2226,kim,1.1449379
2227,feichtinger,0.48953754
2228,businesses,0.4537168
2229,stable,0.29566598
2230,no,0.48699164
2231,building,2.75299
2232,month,0.36619237
2233,ca,0.5380382
2234,dttl,0.8152035
2235,teichholtz,0.52681834
2236,enable,2.460214
2237,pitfall,0.59723306
2238,effectiveness,0.5091978
2239,accepted,0.26564226
2240,global,7.0937543
2241,effective,2.1085114
2242,series,0.5101881
2243,action,1.3228465
2244,photograph,0.36971155
2245,voting,0.66573757
2246,loan,0.4913244
2247,concept,0.7725417
2248,refine,0.3238144
2249,to,2.7468894
2250,e,7.248666
2251,harris,0.875362
2252,gleif,1.4583716
2253,alternative,0.30415055
2254,making,1.3566155
2255,presentation,0.2646861
2256,protocol,2.615833
2257,token,0.3080645
2258,anju,0.44417736
2259,relations,0.37428808
2260,experience,3.51186
2261,chosen,0.2958519
2262,leis,0.87335676
2263,hugely,0.45896447
2264,preference,0.8380404
2265,evaluating,0.33029184
2266,erased,0.29123554
2267,enhanced,0.26970637
2268,ag,0.40237334
2269,we,1.5301951
2270,tracing,0.5464436
2271,dec,0.4851679
2272,monitor,0.29199785
2273,condition,0.279222
2274,title,0.27581227
2275,gavin,0.79973227
2276,whereas,0.37761164
2277,melinda,0.44519284
2278,focus,1.3053453
2279,patient,0.4791126
2280,manual,0.7757953
2281,consortium,0.55480933
2282,crucial,0.33259767
2283,historiocity,0.43708923
2284,brand,0.52885544
2285,deals,0.4707734
2286,attempting,0.3874978
2287,examples,1.4237865
2288,eris,0.48141438
2289,buying,0.5905047
2290,ram,0.802569
2291,joel,0.8012125
2292,calmejane,0.8067247
2293,truly,0.2892298
2294,time,2.0704434
2295,opposition,0.7668043
2296,enabling,1.0893524
2297,rinaldi,0.65800345
2298,transform,0.4699789
2299,pavlo,0.696269
2300,trademe,0.8298005
2301,centralized,2.453152
2302,batlin,0.7002829
2303,jeff,0.7757765
2304,verified,0.7565802
2305,individual,6.48337
2306,hillenius,0.754207
2307,globalsign,0.39209822
2308,there,1.0961119
2309,connecting,0.27271256
2310,billing,0.45343918
2311,certain,2.5498233
2312,attest,0.4502294
2313,fill,0.31409904
2314,signature,0.7177122
2315,lift,0.4899797
2316,reason,0.491182
2317,matched,0.27734455
2318,issue,0.75068647
2319,securing,0.279746
2320,capacity,0.35157323
2321,monolith,0.40854254
2322,scan,0.49249333
2323,considered,0.8167682
2324,excluded,0.61140126
2325,maker,0.38799626
2326,rely,1.0564206
2327,example,1.7255139
2328,steer,0.28755048
2329,brief,0.39576626
2330,benz,0.66286266
2331,saml,0.27399832
2332,available,0.6731245
2333,invalid,0.38290727
2334,lead,1.1188997
2335,degree,1.1511697
2336,teknik,0.43357027
2337,transparency,1.1760617
2338,repeated,0.5702334
2339,processes,0.43545568
2340,controlling,0.2691549
2341,suspicious,0.46672538
2342,goethe,0.35584947
2343,charge,0.28464192
2344,initial,0.2748391
2345,essential,0.2730277
2346,hwan,0.7752466
2347,visa,1.0055076
2348,front,0.5428943
2349,decision,1.5900948
2350,blackrock,0.39047387
2351,engaged,0.509557
2352,activity,1.2168167
2353,category,0.45058423
2354,algebris,0.50429595
2355,paypal,0.42679906
2356,step,1.0844055
2357,october,0.5128984
2358,president,0.4076891
2359,uptake,1.0364326
2360,offering,1.3408518
2361,value,1.3336738
2362,purely,0.35158262
2363,configuring,0.78029907
2364,radically,0.2698645
2365,exchanging,0.38092604
2366,interconnected,0.52632374
2367,assessment,0.5760702
2368,difference,0.4476877
2369,want,0.52725464
2370,paper,0.29839516
2371,chain,0.49103755
2372,employee,0.6579591
2373,well,2.674801
2374,teacher,0.49854326
2375,max,0.41399795
2376,pure,0.279368
2377,dtcc,1.2452844
2378,steenis,0.9938881
2379,your,0.5174027
2380,jerry,0.8456288
2381,strict,0.3587507
2382,mandate,0.59544283
