1,financial
2,bank
3,service
4,market
5,customers
6,identity
7,data
8,risk
9,institutions
10,process
11,new
12,platforms
13,customer
14,digital
15,state
16,information
17,provide
18,key
19,traditional
20,e
21,world
22,trade
23,insurance
24,products
25,find
26,use
27,increase
28,alternative
29,investors
30,payment
31,need
32,investment
33,fund
34,end
35,value
36,economic
37,payments
38,forum
39,time
40,base
41,capital
42,uncertainties
43,cost
44,implications
45,offer
46,access
47,g
48,future
49,may
50,systems
51,lend
52,become
53,providers
54,management
55,model
56,transactions
57,insurers
58,system
59,improve
60,transfer
61,potential
62,technology
63,business
64,dlt
65,allow
66,regulatory
67,would
68,reduce
69,scenario
70,opportunities
71,large
72,create
73,require
74,regulators
75,intermediaries
76,enable
77,user
78,attribute
79,case
80,users
81,c
82,automate
83,b
84,solutions
85,introduction
86,make
87,lead
88,incumbents
89,share
90,high
91,asset
92,conclusion
93,network
94,card
95,global
96,platform
97,change
98,equity
99,loan
100,focus
101,benefit
102,fis
103,smart
104,credit
105,drive
106,source
107,contract
108,account
109,industry
110,shift
111,many
112,limit
113,infrastructure
114,real
115,support
116,party
117,transaction
118,firm
119,product
120,scale
121,within
122,online
123,individual
124,distribute
125,non
126,deloitte
127,ecosystem
128,company
129,experience
130,exist
131,impact
132,across
133,must
134,connect
135,mobile
136,project
137,entities
138,ability
139,emerge
140,trust
141,current
142,level
143,wealth
144,continue
145,develop
146,role
147,crowdfunding
148,channel
149,assets
150,condition
151,investor
152,number
153,low
154,build
155,core
156,claim
157,group
158,critical
159,control
160,one
161,report
162,scheme
163,different
164,result
165,activities
166,distribution
167,lenders
168,set
169,capabilities
170,money
171,partner
172,due
173,gain
174,development
175,mean
176,lower
177,additional
178,p
179,also
180,challenge
181,via
182,com
183,compliance
184,point
185,raise
186,retrieve
187,individuals
188,manage
189,grow
190,fee
191,innovation
192,underwrite
193,settlement
194,chain
195,retail
196,could
197,summary
198,facilitate
199,private
200,follow
201,price
202,leverage
203,store
204,study
205,loss
206,able
207,pressure
208,managers
209,directly
210,interest
211,entity
212,fintechs
213,innovations
214,competitive
215,start
216,ensure
217,rise
218,act
219,deliver
220,ledger
221,legal
222,growth
223,view
224,exchange
225,less
226,vote
227,question
228,www
229,faster
230,partnerships
231,today
232,open
233,finance
234,approach
235,include
236,establish
237,single
238,mass
239,detail
240,work
241,life
242,associate
243,head
244,competition
245,monitor
246,merchants
247,demand
248,complete
249,bond
250,investments
251,issue
252,technologies
253,machine
254,venture
255,return
256,third
257,structure
258,order
259,players
260,adoption
261,personal
262,force
263,significant
264,sellers
265,increasingly
266,among
267,ceo
268,invest
269,remain
270,standards
271,without
272,understand
273,small
274,term
275,compete
276,buyers
277,proxy
278,hold
279,transparency
280,efficiency
281,post
282,strategy
283,solution
284,multiple
285,tool
286,around
287,regulator
288,borrowers
289,incumbent
290,face
291,streamline
292,deposit
293,lack
294,move
295,authentication
296,take
297,government
298,meet
299,businesses
300,save
301,evidence
302,counterparty
303,external
304,strategies
305,execution
306,overall
307,counterparties
308,record
309,implementation
310,requirements
311,rely
312,higher
313,ownership
314,public
315,experts
316,member
317,clear
318,landscape
319,function
320,advantage
321,line
322,sell
323,analyse
324,director
325,track
326,receive
327,decrease
328,niche
329,rps
330,section
331,team
332,expand
333,manual
334,syndicate
335,us
336,stakeholders
337,better
338,differentiate
339,smaller
340,idps
341,advice
342,entrants
343,evolve
344,well
345,pay
346,visibility
347,however
348,specific
349,design
350,best
351,https
352,institutional
353,rail
354,adopt
355,central
356,social
357,custodian
358,chief
359,executive
360,identify
361,position
362,buy
363,play
364,two
365,participants
366,flow
367,security
368,participate
369,cross
370,cash
371,liquidity
372,provision
373,tech
374,serve
375,robo
376,net
377,eliminate
378,physical
379,scenarios
380,regulations
381,context
382,purchase
383,rat
384,early
385,define
386,form
387,relationships
388,three
389,determine
390,automation
391,standardize
392,audit
393,direct
394,marketplace
395,request
396,operate
397,give
398,regulation
399,commercial
400,sector
401,uk
402,clients
403,help
404,institution
405,analysis
406,human
407,stage
408,corporation
409,involve
410,represent
411,profit
412,seek
413,major
414,review
415,connectivity
416,revenue
417,rehypothecation
418,sender
419,disruptive
420,matter
421,characteristics
422,example
423,back
424,necessary
425,devices
426,choose
427,add
428,size
429,history
430,diligence
431,coco
432,subject
433,description
434,officer
435,delivery
436,important
437,standard
438,secure
439,local
440,integrate
441,initiate
442,since
443,http
444,first
445,usage
446,sophisticate
447,date
448,r
449,like
450,segment
451,creation
452,merchant
453,generate
454,various
455,insurer
456,verify
457,execute
458,externalisation
459,disruption
460,available
461,explore
462,engage
463,often
464,relationship
465,even
466,target
467,perform
468,rp
469,fintech
470,consumers
471,canada
472,likely
473,environment
474,match
475,loyalty
476,policies
477,beyond
478,decision
479,launch
480,consider
481,successful
482,kyc
483,fraud
484,collection
485,trend
486,factor
487,highly
488,broker
489,decentralise
490,international
491,action
492,corporate
493,trigger
494,adjudication
495,significantly
496,liability
497,applications
498,profile
499,currently
500,idp
